<?xml version="1.0" encoding="UTF-8" standalone="no"?> 
<!-- ********************************************************************** -->
<!-- 				    iWave Systems Technologies 				            -->
<!-- ********************************************************************** -->
<!-- SOM Supported	: iW-PRIHZ-R1.0											-->
<!-- Date Created	: 03Jan2025												-->
<!-- ********************************************************************** -->

<ip_presets schema="1.0">

	 <ip_preset preset_proc_name="ddr4_sdram_preset">
		<ip vendor="xilinx.com" library="ip" name="ddr4">
		  <user_parameters>
			<user_parameter name="CONFIG.C0.DDR4_CasLatency" value="19" />
			<user_parameter name="CONFIG.C0.DDR4_DataWidth" value="16" />
			<user_parameter name="CONFIG.C0.DDR4_CasWriteLatency" value="14" />
			<user_parameter name="CONFIG.C0.DDR4_MemoryPart" value="MT40A1G16RC-062E" />
			<user_parameter name="CONFIG.C0.DDR4_Mem_Add_Map" value="ROW_COLUMN_BANK" />
			<user_parameter name="CONFIG.C0.DDR4_TimePeriod" value="750" />
			<user_parameter name="CONFIG.C0.DDR4_InputClockPeriod" value="3334" />
		  </user_parameters>
		</ip>
	</ip_preset>
	
	<ip_preset preset_proc_name="zynq_ultra_ps_e_preset">
		<ip name="zynq_ultra_ps_e" library="ip" vendor="xilinx.com" version="*">
				<user_parameters>
				<user_parameter name="CONFIG.PSU__PRESET_APPLIED" value="1"/>
				<user_parameter name="CONFIG.PSU_BANK_0_IO_STANDARD" value="LVCMOS18"/>
				<user_parameter name="CONFIG.PSU_BANK_1_IO_STANDARD" value="LVCMOS18"/>
				<user_parameter name="CONFIG.PSU_BANK_2_IO_STANDARD" value="LVCMOS18"/>
				<user_parameter name="CONFIG.PSU_BANK_3_IO_STANDARD" value="LVCMOS18"/>
				<user_parameter name="CONFIG.PSU__CAN0__PERIPHERAL__ENABLE" value="0"/>
				<user_parameter name="CONFIG.PSU__CAN0__PERIPHERAL__IO" value="MIO 38 .. 39"/>
				<user_parameter name="CONFIG.PSU__ENET0__GRP_MDIO__ENABLE" value="1"/>
				<user_parameter name="CONFIG.PSU__ENET0__GRP_MDIO__IO" value="MIO 76 .. 77"/>
				<user_parameter name="CONFIG.PSU__ENET0__PERIPHERAL__ENABLE" value="1"/>
				<user_parameter name="CONFIG.PSU__ENET0__PERIPHERAL__IO" value="MIO 26 .. 37"/>
				<user_parameter name="CONFIG.PSU__GPIO0_MIO__IO" value="MIO 0 .. 25"/>
				<user_parameter name="CONFIG.PSU__GPIO0_MIO__PERIPHERAL__ENABLE" value="1"/>
				<user_parameter name="CONFIG.PSU__GPIO1_MIO__IO" value="MIO 26 .. 51"/>
				<user_parameter name="CONFIG.PSU__GPIO1_MIO__PERIPHERAL__ENABLE" value="1"/>
				<user_parameter name="CONFIG.PSU__I2C0__PERIPHERAL__ENABLE" value="1"/>
				<user_parameter name="CONFIG.PSU__I2C0__PERIPHERAL__IO" value="MIO 10 .. 11"/>
				<user_parameter name="CONFIG.PSU__SD1__GRP_CD__ENABLE" value="1"/>
				<user_parameter name="CONFIG.PSU__SD1__GRP_CD__IO" value="MIO 45"/>
				<user_parameter name="CONFIG.PSU__SD1__GRP_WP__ENABLE" value="1"/>
				<user_parameter name="CONFIG.PSU__SD1__GRP_WP__IO" value="MIO 44"/>
				<user_parameter name="CONFIG.PSU__SD1__PERIPHERAL__ENABLE" value="1"/>
				<user_parameter name="CONFIG.PSU__SD1__DATA_TRANSFER_MODE" value="4Bit"/>
				<user_parameter name="CONFIG.PSU__SD1__PERIPHERAL__IO" value="MIO 46 .. 51"/>
				<user_parameter name="CONFIG.PSU__SD1__SLOT_TYPE" value="SD 2.0"/>
				<user_parameter name="CONFIG.PSU__SD0__PERIPHERAL__ENABLE" value="1"/>
				<user_parameter name="CONFIG.PSU__SD0__DATA_TRANSFER_MODE" value="8Bit"/>
				<user_parameter name="CONFIG.PSU__SD0__PERIPHERAL__IO" value="MIO 13 .. 22"/>
				<user_parameter name="CONFIG.PSU__SD0__SLOT_TYPE" value="eMMC"/>
				<user_parameter name="CONFIG.PSU__SD0__RESET__ENABLE" value="1"/>
				<user_parameter name="CONFIG.PSU__UART0__PERIPHERAL__ENABLE" value="1"/>
				<user_parameter name="CONFIG.PSU__UART0__PERIPHERAL__IO" value="MIO 6 .. 7"/>
				<user_parameter name="CONFIG.PSU__UART1__PERIPHERAL__ENABLE" value="1"/>
				<user_parameter name="CONFIG.PSU__UART1__PERIPHERAL__IO" value="MIO 8 .. 9"/>
				<user_parameter name="CONFIG.PSU__DDRC__VREF" value="1"/>
				<user_parameter name="CONFIG.PSU__DDRC__ECC" value="Enabled"/>
				<user_parameter name="CONFIG.PSU__DDRC__BUS_WIDTH" value="64 Bit"/>
				<user_parameter name="CONFIG.PSU__DDRC__DRAM_WIDTH" value="16 Bits"/>
				<user_parameter name="CONFIG.PSU__DDRC__MEMORY_TYPE" value="DDR 4"/>
				<user_parameter name="CONFIG.PSU__DDRC__COMPONENTS" value="components"/>
				<user_parameter name="CONFIG.PSU__DDRC__SPEED_BIN" value="DDR4_2400R"/>
				<user_parameter name="CONFIG.PSU__CRF_APB__DDR_CTRL__FREQMHZ" value="1200"/>
				<user_parameter name="CONFIG.PSU__DDRC__DEVICE_CAPACITY" value="8192 MBits"/>
				<user_parameter name="CONFIG.PSU__DDRC__RANK_ADDR_COUNT" value="0"/>
				<user_parameter name="CONFIG.PSU__DDRC__BG_ADDR_COUNT" value="1"/>
				<user_parameter name="CONFIG.PSU__DDRC__BANK_ADDR_COUNT" value="2"/>
				<user_parameter name="CONFIG.PSU__DDRC__ROW_ADDR_COUNT" value="16"/>
				<user_parameter name="CONFIG.PSU__DDRC__COL_ADDR_COUNT" value="10"/>
				<user_parameter name="CONFIG.PSU__DDRC__CL" value="16"/>
				<user_parameter name="CONFIG.PSU__DDRC__CWL" value="16"/>
				<user_parameter name="CONFIG.PSU__DDRC__T_RCD" value="16"/>
				<user_parameter name="CONFIG.PSU__DDRC__T_RP" value="16"/>
				<user_parameter name="CONFIG.PSU__DDRC__T_RC" value="45.32"/>
				<user_parameter name="CONFIG.PSU__DDRC__T_RAS_MIN" value="32.0"/>
				<user_parameter name="CONFIG.PSU__DDRC__T_FAW" value="30.0"/>
				<user_parameter name="CONFIG.PSU__DDRC__DDR4_T_REF_MODE" value="0"/>
				<user_parameter name="CONFIG.PSU__DDRC__DDR4_T_REF_RANGE" value="Normal (0-85)"/>
				<user_parameter name="CONFIG.PSU__DDRC__PHY_DBI_MODE" value="0"/>
				<user_parameter name="CONFIG.PSU__DDRC__PARITY_ENABLE" value="0"/>
				<user_parameter name="CONFIG.PSU__DDRC__CLOCK_STOP_EN" value="0"/>
				<user_parameter name="CONFIG.PSU__DDRC__DDR4_CAL_MODE_ENABLE" value="0"/>
				<user_parameter name="CONFIG.PSU__DDRC__DDR4_CRC_CONTROL" value="0"/>
				<user_parameter name="CONFIG.PSU__DDRC__TRAIN_DATA_EYE" value="1"/>
				<user_parameter name="CONFIG.PSU__DDRC__TRAIN_READ_GATE" value="1"/>
				<user_parameter name="CONFIG.PSU__DDRC__TRAIN_WRITE_LEVEL" value="1"/>
				<user_parameter name="CONFIG.PSU__DDRC__DDR4_ADDR_MAPPING" value="0"/>
				<user_parameter name="CONFIG.PSU__DDRC__BRC_MAPPING" value="ROW_BANK_COL"/>
				<user_parameter name="CONFIG.PSU__DDRC__DM_DBI" value="DM_NO_DBI"/>
				<user_parameter name="CONFIG.PSU__DDRC__PER_BANK_REFRESH" value="0"/>
				<user_parameter name="CONFIG.PSU__DDRC__FGRM" value="1X"/>
				<user_parameter name="CONFIG.PSU__DDRC__LP_ASR" value="manual normal"/>
				<user_parameter name="CONFIG.PSU__DDRC__DIMM_ADDR_MIRROR" value="0"/>
				<user_parameter name="CONFIG.PSU__DDRC__STATIC_RD_MODE" value="0"/>
				<user_parameter name="CONFIG.PSU__DDRC__SELF_REF_ABORT" value="0"/>
				<user_parameter name="CONFIG.PSU__PSS_REF_CLK__FREQMHZ" value="33.333333"/>
				<user_parameter name="CONFIG.PSU__OVERRIDE__BASIC_CLOCK" value="0"/>
				<user_parameter name="CONFIG.PSU__CRF_APB__APLL_CTRL__SRCSEL" value="PSS_REF_CLK"/>
				<user_parameter name="CONFIG.PSU__CRF_APB__DPLL_CTRL__SRCSEL" value="PSS_REF_CLK"/>
				<user_parameter name="CONFIG.PSU__CRF_APB__VPLL_CTRL__SRCSEL" value="PSS_REF_CLK"/>
				<user_parameter name="CONFIG.PSU__CRL_APB__IOPLL_CTRL__SRCSEL" value="PSS_REF_CLK"/>
				<user_parameter name="CONFIG.PSU__CRL_APB__RPLL_CTRL__SRCSEL" value="PSS_REF_CLK"/>
				<user_parameter name="CONFIG.PSU__CRL_APB__CPU_R5_CTRL__SRCSEL" value="IOPLL"/>
				<user_parameter name="CONFIG.PSU__CRL_APB__CPU_R5_CTRL__FREQMHZ" value="500"/>
				<user_parameter name="CONFIG.PSU__CRL_APB__SDIO0_REF_CTRL__SRCSEL" value="IOPLL"/>
				<user_parameter name="CONFIG.PSU__CRL_APB__SDIO0_REF_CTRL__FREQMHZ" value="200"/>
				<user_parameter name="CONFIG.PSU__CRL_APB__SDIO1_REF_CTRL__SRCSEL" value="IOPLL"/>
				<user_parameter name="CONFIG.PSU__CRL_APB__SDIO1_REF_CTRL__FREQMHZ" value="200"/>
				<user_parameter name="CONFIG.PSU__CRL_APB__UART0_REF_CTRL__SRCSEL" value="IOPLL"/>
				<user_parameter name="CONFIG.PSU__CRL_APB__UART0_REF_CTRL__FREQMHZ" value="100"/>
				<user_parameter name="CONFIG.PSU__CRL_APB__UART1_REF_CTRL__SRCSEL" value="IOPLL"/>
				<user_parameter name="CONFIG.PSU__CRL_APB__UART1_REF_CTRL__FREQMHZ" value="100"/>
				<user_parameter name="CONFIG.PSU__CRL_APB__I2C0_REF_CTRL__SRCSEL" value="IOPLL"/>
				<user_parameter name="CONFIG.PSU__CRL_APB__I2C0_REF_CTRL__FREQMHZ" value="100"/>
				<user_parameter name="CONFIG.PSU__CRL_APB__CAN0_REF_CTRL__SRCSEL" value="IOPLL"/>
				<user_parameter name="CONFIG.PSU__CRL_APB__CAN0_REF_CTRL__FREQMHZ" value="100"/>
				<user_parameter name="CONFIG.PSU__SWDT0__PERIPHERAL__ENABLE" value="1"/>
				<user_parameter name="CONFIG.PSU__SWDT1__PERIPHERAL__ENABLE" value="1"/>
				<user_parameter name="CONFIG.PSU__TTC0__PERIPHERAL__ENABLE" value="1"/>
				<user_parameter name="CONFIG.PSU__IOU_SLCR__IOU_TTC_APB_CLK__TTC0_SEL" value="APB"/>
				<user_parameter name="CONFIG.PSU__TTC1__PERIPHERAL__ENABLE" value="1"/>
				<user_parameter name="CONFIG.PSU__IOU_SLCR__IOU_TTC_APB_CLK__TTC1_SEL" value="APB"/>
				<user_parameter name="CONFIG.PSU__TTC2__PERIPHERAL__ENABLE" value="1"/>
				<user_parameter name="CONFIG.PSU__IOU_SLCR__IOU_TTC_APB_CLK__TTC2_SEL" value="APB"/>
				<user_parameter name="CONFIG.PSU__TTC3__PERIPHERAL__ENABLE" value="1"/>
				<user_parameter name="CONFIG.PSU__IOU_SLCR__IOU_TTC_APB_CLK__TTC3_SEL" value="APB"/>
				<user_parameter name="CONFIG.PSU__CRL_APB__GEM0_REF_CTRL__SRCSEL" value="IOPLL"/>
				<user_parameter name="CONFIG.PSU__CRL_APB__GEM0_REF_CTRL__FREQMHZ" value="125"/>
				<user_parameter name="CONFIG.PSU__FPGA_PL0_ENABLE" value="1"/>
				<user_parameter name="CONFIG.PSU__CRL_APB__PL0_REF_CTRL__SRCSEL" value="IOPLL"/>
				<user_parameter name="CONFIG.PSU__CRL_APB__PL0_REF_CTRL__FREQMHZ" value="100"/>
				<user_parameter name="CONFIG.PSU__FPGA_PL1_ENABLE" value="1"/>
				<user_parameter name="CONFIG.PSU__CRL_APB__PL1_REF_CTRL__SRCSEL" value="IOPLL"/>
				<user_parameter name="CONFIG.PSU__CRL_APB__PL1_REF_CTRL__FREQMHZ" value="300"/>
				<user_parameter name="CONFIG.PSU__CRL_APB__DBG_LPD_CTRL__SRCSEL" value="IOPLL"/>
				<user_parameter name="CONFIG.PSU__CRL_APB__DBG_LPD_CTRL__FREQMHZ" value="250"/>
				<user_parameter name="CONFIG.PSU__CRF_APB__ACPU_CTRL__SRCSEL" value="DPLL"/>
				<user_parameter name="CONFIG.PSU__CRF_APB__ACPU_CTRL__FREQMHZ" value="1200"/>
				<user_parameter name="CONFIG.PSU__CRF_APB__GPU_REF_CTRL__SRCSEL" value="IOPLL"/>
				<user_parameter name="CONFIG.PSU__CRF_APB__GPU_REF_CTRL__FREQMHZ" value="500"/>
				<user_parameter name="CONFIG.PSU__CRF_APB__DDR_CTRL__SRCSEL" value="DPLL"/>
				<user_parameter name="CONFIG.PSU__CRF_APB__DBG_FPD_CTRL__SRCSEL" value="IOPLL"/>
				<user_parameter name="CONFIG.PSU__CRF_APB__DBG_FPD_CTRL__FREQMHZ" value="250"/>
				<user_parameter name="CONFIG.PSU__CRF_APB__DBG_TRACE_CTRL__SRCSEL" value="IOPLL"/>
				<user_parameter name="CONFIG.PSU__CRF_APB__DBG_TRACE_CTRL__FREQMHZ" value="250"/>
				<user_parameter name="CONFIG.PSU__CRF_APB__DBG_TSTMP_CTRL__SRCSEL" value="IOPLL"/>
				<user_parameter name="CONFIG.PSU__CRF_APB__DBG_TSTMP_CTRL__FREQMHZ" value="250"/>
				<user_parameter name="CONFIG.PSU__CRL_APB__IOU_SWITCH_CTRL__SRCSEL" value="IOPLL"/>
				<user_parameter name="CONFIG.PSU__CRL_APB__IOU_SWITCH_CTRL__FREQMHZ" value="250"/>
				<user_parameter name="CONFIG.PSU__CRL_APB__LPD_SWITCH_CTRL__SRCSEL" value="IOPLL"/>
				<user_parameter name="CONFIG.PSU__CRL_APB__LPD_SWITCH_CTRL__FREQMHZ" value="500"/>
				<user_parameter name="CONFIG.PSU__CRL_APB__LPD_LSBUS_CTRL__SRCSEL" value="IOPLL"/>
				<user_parameter name="CONFIG.PSU__CRL_APB__TIMESTAMP_REF_CTRL__SRCSEL" value="IOPLL"/>
				<user_parameter name="CONFIG.PSU__CRL_APB__TIMESTAMP_REF_CTRL__FREQMHZ" value="100"/>
				<user_parameter name="CONFIG.PSU__CRL_APB__PCAP_CTRL__SRCSEL" value="IOPLL"/>
				<user_parameter name="CONFIG.PSU__CRL_APB__PCAP_CTRL__FREQMHZ" value="200"/>
				<user_parameter name="CONFIG.PSU__CRL_APB__ADMA_REF_CTRL__SRCSEL" value="IOPLL"/>
				<user_parameter name="CONFIG.PSU__CRL_APB__ADMA_REF_CTRL__FREQMHZ" value="500"/>
				<user_parameter name="CONFIG.PSU__CRF_APB__GDMA_REF_CTRL__SRCSEL" value="DPLL"/>
				<user_parameter name="CONFIG.PSU__CRF_APB__GDMA_REF_CTRL__FREQMHZ" value="600"/>
				<user_parameter name="CONFIG.PSU__CRF_APB__DPDMA_REF_CTRL__SRCSEL" value="DPLL"/>
				<user_parameter name="CONFIG.PSU__CRF_APB__DPDMA_REF_CTRL__FREQMHZ" value="600"/>
				<user_parameter name="CONFIG.PSU__CRF_APB__TOPSW_MAIN_CTRL__SRCSEL" value="APLL"/>
				<user_parameter name="CONFIG.PSU__CRF_APB__TOPSW_MAIN_CTRL__FREQMHZ" value="533.33"/>
				<user_parameter name="CONFIG.PSU__CRF_APB__TOPSW_LSBUS_CTRL__SRCSEL" value="IOPLL"/>
				<user_parameter name="CONFIG.PSU__CRF_APB__TOPSW_LSBUS_CTRL__FREQMHZ" value="100"/>
				<user_parameter name="CONFIG.PSU__USE__M_AXI_GP0" value="0"/>
				<user_parameter name="CONFIG.PSU__USE__M_AXI_GP1" value="1"/>
				<user_parameter name="CONFIG.PSU__USE__M_AXI_GP2" value="0"/>
				<user_parameter name="CONFIG.PSU__GPIO_EMIO__PERIPHERAL__ENABLE" value="1"/>
				<user_parameter name="CONFIG.PSU__USE__IRQ0" value="1"/>				
			</user_parameters>
		</ip>
	</ip_preset>
	
</ip_presets>