{
  "config": {
    "items": [
      {
        "infra": {
          "name": "iG65M-15EG02-4E004G-E032G-IAA", 
          "display": "iG65M-15EG02-4E004G-E032G-IAA", 
          "revision": "1.0", 
          "description": "Zynq UltraScale+ MPSoC 15EG-2-I SOM, 4GB PS DDR4, 2 GB FPGA DDR4, 32GB eMMC Flash", 
          "company": "iwavesystems.com", 
          "company_display": "iWave Systems Technologies", 
          "author": "iwavesystems.com", 
          "contributors": [
            {
              "group": "iWave Systems Technologies", 
              "url": "https://www.iwavesystems.com/"
            }
          ], 
          "category": "System on Module", 
          "website": "https://www.iwavesystems.com/product/zu15-zu9-zu6-zynq-ultrascale-mpsoc-system-on-module/", 
          "logo": "iW-G65M-SOM.png", 
          "search-keywords": [
            "iG65M-15EG02-4E004G-E032G-IAA", 
            "iwavesystems.com", 
			"board",
			"iW-G65-SOM",
            "System on Module",
			"SOM"
          ]
        }
      }
    ]
  }, 
  "_major": 1, 
  "_minor": 0